장,제목,본문
1,개요,"본 백서는 2026년 행정안전부 디지털혁신과가 추진하는 **총 50건의 사업**과 **총 예산 6,700억원**의 종합 성과를 정리한 자료다. 사업 운영 기간은 2026년 1월 1일부터 **2026-12-31**까지이며, **디지털혁신과**이 총괄한다. 주관 국장은 **한지원** 국장이다."
2,사업 규모,"행정안전부 디지털혁신과는 2026년 한 해 **50건의 사업**을 5대 분야로 묶어 추진한다. 디지털혁신·재난안전·민원혁신·정보보안·자치행정 5개 분야가 균등하게 배분돼 있으며, **디지털혁신과**이 5분야 전체를 총괄 조율한다.

총 투입 예산은 **6,700억원**으로 전년 대비 12% 증가했다."
3,추진 일정,"전체 사업은 2026년 1월 1일에 일제히 착수해 같은 해 **2026-12-31**까지 12개월간 운영된다. 분기별 점검회의는 분기마다 디지털혁신과 회의실에서 진행된다.

**한지원** 국장은 분기별 점검회의를 직접 주재하며, 분야별 추진 상황을 종합 점검한다."
4,분야별 세부 사항,"### 4.1 디지털혁신 분야

디지털혁신 분야는 10개 사업으로 구성됐다. 부서 분담은 **디지털혁신추진과**이 5건, 공공데이터정책과가 3건, 정보화기획관실이 2건이다.

### 4.2 재난안전 분야

재난안전 분야는 10개 사업으로, 재난관리정책과·재난경감과·안전정책총괄과가 분담한다. 예산은 약 1,300억원이다.

### 4.3 민원혁신 분야

민원혁신 분야 10개 사업의 종료 시점은 2026년 12월 말로, 정확한 일자는 **2026-12-30**이다.

### 4.4 정보보안 분야

정보보안 분야는 10개 사업이 운영된다. 분야 총 예산은 1,300억원 수준이다.

### 4.5 자치행정 분야

자치행정 분야 역시 10개 사업이 운영된다. 분야 합계 예산은 약 900억원이다."
5,성과 요약,"본 백서가 다루는 사업의 **총 건수는 48건**이며 누적 예산은 **6,500억원**으로 보고된다.

전체 사업의 책임자는 **한지연** 국장으로, 분기별 보고 회의를 주재했다.

분야별 성과는 별도 첨부 통계 보고서로 갈음하며, 본 백서는 종합 정리용 자료다."
6,결론,"행정안전부 디지털혁신과는 2026년 한 해 동안 디지털혁신 5대 분야에서 총 50건의 사업을 안정적으로 운영했으며, 총 6,700억원의 예산을 균형 있게 집행했다.

향후 2027년 사업 계획 수립 시 본 백서의 일관성을 면밀히 검토할 필요가 있다."
